{
  "attributes": {
    "attack_range": 4.0,
    "pose": "bettercombat:pose_two_handed_polearm",
    "two_handed": true,
    "category": "spear",
    "attacks": [
      {
        "hitbox": "FORWARD_BOX",
        "damage_multiplier": 0.9,
        "angle": 0,
        "upswing": 0.5,
        "animation": "bettercombat:two_handed_stab_right",
        "swing_sound": {
          "id": "bettercombat:spear_stab"
        }
      },
      {
        "hitbox": "FORWARD_BOX",
        "damage_multiplier": 0.9,
        "angle": 0,
        "upswing": 0.5,
        "animation": "bettercombat:two_handed_stab_right",
        "swing_sound": {
          "id": "bettercombat:spear_stab"
        }
      },
      {
        "hitbox": "FORWARD_BOX",
        "damage_multiplier": 1.2,
        "angle": 0,
        "upswing": 0.5,
        "animation": "bettercombat:two_handed_stab_left",
        "swing_sound": {
          "id": "bettercombat:spear_stab"
        }
      }
    ]
  }
}