{
    "name": "Cold Resistance",
    "description": "You were born of the ice and snow - cold has no effect on you.",
    "type": "origins:multiple",
    "freeze_immune": 
        {
            "type": "origins:invulnerability",
            "damage_condition": {
                "type": "origins:name",
                "name": "freeze"
            }
        },
    "add_temp_resistance": {
    	"type": "origins:action_over_time",
    	"entity_action": {
            "type": "origins:execute_command",
            "command": "environment affection @s cold false"
    	    },
        "interval": 300
    },
    "remove_temp_resistance": {
        "type": "origins:action_on_callback",
	    "entity_action_lost": {
	        "type": "origins:execute_command",
	        "command": "environment affection @s cold true"
        }
    }
}