{
    "name": "Heat Resistance",
    "description": "As a being forged from fire, you are immune to overheating and thirst.",
    "type": "origins:multiple",
    "add_resistance": {
    "type": "origins:action_over_time",
   	 "entity_action": {
	        "type": "origins:and",
	        "actions": [
	             {   
	                 "type": "origins:execute_command",
	                 "command": "environment affection @s hot false"
	             },
	             {
	                 "type": "origins:execute_command",
	                 "command": "thirst @s false"                 
    	         }
   	     ]
 	 },
	 "interval": 300
    },
    "remove_resistance": {
    "type": "origins:action_on_callback",
   	 "entity_action_lost": {
	        "type": "origins:and",
	        "actions": [
	             {   
	                 "type": "origins:execute_command",
	                 "command": "environment affection @s hot true"
	             },
	             {
	                 "type": "origins:execute_command",
	                 "command": "thirst @s true"                 
    	         }
   	     ]
 	 }
    }
}