{
  "replace": false,
  "values": [
    {"id":"mythicupgrades:ametrine_ore","required":false},
    {"id":"mythicupgrades:aquamarine_ore","required":false},
    {"id":"mythicupgrades:jade_ore","required":false},
    {"id":"mythicupgrades:sapphire_ore","required":false},
    {"id":"mythicupgrades:topaz_ore","required":false},
    {"id":"mythicupgrades:deepslate_aquamarine_ore","required":false},
    {"id":"mythicupgrades:deepslate_jade_ore","required":false},
    {"id":"mythicupgrades:deepslate_ruby_ore","required":false},
    {"id":"mythicupgrades:deepslate_sapphire_ore","required":false},
    {"id":"mythicupgrades:deepslate_topaz_ore","required":false},
    {"id":"endgoblintraders:end_opal_ore","required":false}
  ]
}
