{
	"replace":false,
	"values":
	[
	{"id":"galosphere:lichen_caves","required":false},
	{"id":"galosphere:crystal_caves","required":false},
	{"id":"terrestria:caldera","required":false},
	{"id":"terrestria:cypress_forest","required":false},
	{"id":"terrestria:cypress_swamp","required":false},
	{"id":"terrestria:dense_woodlands","required":false},
	{"id":"terrestria:dunes","required":false},
	{"id":"terrestria:hemlock_rainforest","required":false},
	{"id":"terrestria:hemlock_treeline","required":false},
	{"id":"terrestria:japanese_maple_forest","required":false},
	{"id":"terrestria:lush_desert","required":false},
	{"id":"terrestria:lush_redwood_forest","required":false},
	{"id":"terrestria:oasis","required":false},
	{"id":"terrestria:outback","required":false},
	{"id":"terrestria:rainbow_rainforest","required":false},
	{"id":"terrestria:redwood_forest","required":false},
	{"id":"terrestria:sakura_forest","required":false},
	{"id":"terrestria:snowy_hemlock_forest","required":false},
	{"id":"terrestria:snowy_hemlock_treeline","required":false},
	{"id":"terrestria:volcanic_island","required":false},
	{"id":"terrestria:windswept_redwood_forest","required":false},
	{"id":"graveyard_biomes:ancient_dead_coral_reef","required":false},
	{"id":"graveyard_biomes:deep_dark_forest","required":false},
	{"id":"graveyard_biomes:eroded_haunted_forest","required":false},
	{"id":"graveyard_biomes:haunted_forest","required":false},
	{"id":"graveyard_biomes:haunted_lakes","required":false},
	{"id":"graveyard_biomes:ancient_dead_coral_reef","required":false}
	]
}